RACE_LABEL,actual_mortality,predicted_mortality,count
asian,0.07731958762886598,0.1639754,776
black,0.09815354713313897,0.18207599,1029
hawaiian,0.0234375,0.12126745,128
native,0.09803921568627451,0.18878952,51
other,0.045454545454545456,0.13891263,132
white,0.0942984733617198,0.19451904,9629
