Model,AUC
Random Forest,0.807972220541064
XGBoost,0.8001551949230942
Logistic Regression,0.764010772862071
