word,coefficient
neoplasm,1.7334258153945823
ct scan,1.6357126813393208
pain,1.5527646432468176
used,1.5133551383378643
left right,1.478774210422195
routine,1.4676741275468144
tumor,1.4428993899537428
2008,1.431704820212252
pocket,1.4259473873821424
test,1.4179294630438621
gastrostomy,1.380766340276083
today,1.3461567887725785
little,1.333575570236808
sign,1.3166595097496496
generator,1.311538039364208
